origem,destino,tipo
workflowsguy,tiangolo,comentario
kkauy,tiangolo,comentario
svlandeg,tiangolo,comentario
tiangolo,svlandeg,comentario
morning-start,gilles-stragier,comentario
AlejandroFrias,gilles-stragier,comentario
hxse,gilles-stragier,comentario
a-gerhard,gilles-stragier,comentario
pipinstalled,gilles-stragier,comentario
svlandeg,gilles-stragier,comentario
YuriiMotov,sh1man,comentario
mahimairaja,zmeir,comentario
svlandeg,zmeir,comentario
nunofachada,JacobKochems,comentario
svlandeg,JacobKochems,comentario
alanwilter,svlandeg,comentario
helmut-hoffer-von-ankershoffen,tiangolo,comentario
bckohan,tiangolo,comentario
gaby,tiangolo,comentario
Deltik,tiangolo,comentario
albireox,tiangolo,comentario
dgarros,tiangolo,comentario
tarruda,tiangolo,comentario
danmichaeljones,tiangolo,comentario
saksham,tiangolo,comentario
mhlgio,tiangolo,comentario
gerlero,tiangolo,comentario
sghng,tiangolo,comentario
BenjyWiener,tiangolo,comentario
cbornet,tiangolo,comentario
